<?xml version="1.0" encoding="UTF-8"?>
<beans xmlns="http://www.springframework.org/schema/beans"
	xmlns:xsi="http://www.w3.org/2001/XMLSchema-instance" xmlns:context="http://www.springframework.org/schema/context"
	xmlns:p="http://www.springframework.org/schema/p" xmlns:task="http://www.springframework.org/schema/task"
	xmlns:util="http://www.springframework.org/schema/util" xmlns:mvc="http://www.springframework.org/schema/mvc"
	
	xsi:schemaLocation="
		http://www.springframework.org/schema/beans 
		http://www.springframework.org/schema/beans/spring-beans-3.2.xsd
		http://www.springframework.org/schema/context 
		http://www.springframework.org/schema/context/spring-context-3.2.xsd
		http://www.springframework.org/schema/task 
		http://www.springframework.org/schema/task/spring-task-3.2.xsd
		http://www.springframework.org/schema/util 
		http://www.springframework.org/schema/util/spring-util-3.2.xsd
		http://www.springframework.org/schema/mvc 
		http://www.springframework.org/schema/mvc/spring-mvc-3.2.xsd">
		
		

	<!-- Default beans for MVC ... these beans are merged with the ones configured 
		in contextConfigLocatioin in the web.xml -->

	<context:annotation-config/>
	
	<context:component-scan base-package="org.bgu.ise.ddb"/>

	
	<!-- <import resource="classpath:restfrontend-context.xml"/> -->

	 
	 <mvc:annotation-driven>
    <!-- register custom converter that returns UTF-8 encoded response-body by defualt -->
	    <mvc:message-converters register-defaults="true">
	        <bean class="org.springframework.http.converter.StringHttpMessageConverter">
	            <constructor-arg index="0" name="defaultCharset" value="UTF-8"/>
	        </bean>
	    </mvc:message-converters>
	</mvc:annotation-driven>

	

	 <bean name="viewResolver" class="org.springframework.web.servlet.view.BeanNameViewResolver"/>
     <bean name="jsonTemplate" class="org.springframework.web.servlet.view.json.MappingJackson2JsonView"/>
	
		
	
		

</beans>